YEAR,MONTH,LENGTH,SEX,MAT,AGE
1984,6,73,M,I,1
1984,6,71,M,I,1
1984,6,80,M,I,1
1984,6,92,M,I,1
1984,6,103,M,I,1
1984,6,65,M,I,1
1984,6,96,M,I,1
1984,6,89,M,I,1
1984,6,76,M,I,1
1984,6,63,M,I,1
1984,6,146,M,I,2
1984,6,87,M,I,1
1984,6,67,M,I,1
1984,6,69,M,I,1
1984,6,154,M,M,2
1984,6,208,M,M,4
1984,6,129,M,M,2
1984,6,119,M,M,2
1984,6,131,M,M,2
1984,6,109,M,M,2
1984,6,99,M,M,1
1984,6,190,M,M,4
1984,6,177,M,M,3
1984,6,197,M,M,4
1984,6,180,M,M,4
1984,6,187,M,M,4
1984,6,206,M,M,4
1984,6,175,M,M,3
1984,6,243,M,M,4
1984,6,121,M,M,2
1984,6,116,M,M,2
1984,6,179,M,M,3
1984,6,123,M,M,2
1984,6,139,M,M,2
1984,6,134,M,M,2
1984,6,151,M,M,3
1984,6,107,M,M,2
1984,6,111,M,M,2
1984,6,190,M,M,4
1984,6,213,M,M,4
1984,6,195,M,M,4
1984,6,113,M,M,2
1984,6,170,M,M,3
1984,6,94,M,M,1
1984,6,79,M,M,1
1984,6,158,M,M,3
1984,6,101,M,M,1
1984,6,125,M,M,2
1984,6,136,M,M,2
1985,6,80,M,I,1
1985,6,146,M,M,2
1985,6,138,M,M,2
1985,6,93,M,M,2
1985,6,97,M,M,2
1985,6,275,M,M,5
1985,6,211,M,M,5
1985,6,168,M,M,3
1985,6,174,M,M,3
1985,6,182,M,M,4
1985,6,180,M,M,4
1985,6,192,M,M,4
1985,6,177,M,M,3
1985,6,179,M,M,3
1985,6,165,M,M,3
1985,6,190,M,M,4
1985,6,160,M,M,4
1985,6,156,M,M,3
1985,6,155,M,M,3
1985,6,153,M,M,2
1985,6,125,M,M,2
1985,6,138,M,M,3
1985,6,125,M,M,2
1985,6,119,M,M,2
1985,6,110,M,M,2
1985,6,113,M,M,2
1985,6,110,M,M,2
1985,6,109,M,M,2
1985,6,108,M,M,2
1985,6,105,M,M,1
1985,6,221,M,M,4
1985,6,211,M,M,4
1985,6,225,M,M,5
1985,6,242,M,M,5
1985,6,205,M,M,4
1985,6,210,M,M,4
1985,6,204,M,M,4
1985,6,165,M,M,3
1985,6,185,M,M,3
1985,6,135,M,M,2
1985,6,188,M,M,4
1985,6,207,M,M,4
1985,6,137,M,M,2
1985,6,138,M,M,2
1985,6,124,M,M,2
1985,6,178,M,M,3
1985,6,195,M,M,4
1985,6,192,M,M,4
1985,6,184,M,M,4
1985,6,170,M,M,3
1985,6,185,M,M,3
1985,6,120,M,M,2
1985,6,158,M,M,3
1985,6,179,M,M,3
1985,6,100,M,M,1
1985,6,191,M,M,4
1985,6,160,M,M,3
1985,6,152,M,M,3
1985,6,140,M,M,2
1985,6,125,M,M,2
1985,6,120,M,M,2
1985,6,85,M,M,1
1985,6,92,M,M,1
1985,6,107,M,M,2
1985,6,101,M,M,1
1985,6,100,M,M,2
1985,6,115,M,M,2
1985,6,106,M,M,1
1985,6,117,M,M,2
1985,6,115,M,M,2
1985,6,141,M,M,2
1985,6,145,M,M,2
1985,6,145,M,M,2
1985,6,148,M,M,3
1985,6,205,M,M,4
1985,6,208,M,M,4
1985,6,200,M,M,4
1985,6,135,M,M,2
1985,6,80,M,M,1
1986,6,69,M,I,1
1986,6,78,M,I,1
1986,6,70,M,I,1
1986,6,79,M,I,1
1986,6,76,M,I,1
1986,6,81,M,I,1
1986,6,65,M,I,1
1986,6,98,M,I,1
1986,6,88,M,I,1
1986,6,71,M,I,1
1986,6,85,M,I,1
1986,6,74,M,I,1
1986,6,72,M,I,1
1986,6,73,M,I,1
1986,6,75,M,I,1
1986,6,68,M,I,1
1986,6,66,M,I,1
1986,6,64,M,I,1
1986,6,110,M,I,2
1986,6,105,M,I,2
1986,6,80,M,I,2
1986,6,99,M,I,2
1986,6,87,M,I,2
1986,6,93,M,I,2
1986,6,144,M,I,2
1986,6,108,M,I,2
1986,6,103,M,I,2
1986,6,128,M,I,2
1986,6,95,M,I,2
1986,6,83,M,I,2
1986,6,94,M,I,2
1986,6,122,M,I,2
1986,6,127,M,I,2
1986,6,126,M,I,2
1986,6,115,M,I,2
1986,6,112,M,I,2
1986,6,96,M,I,2
1986,6,120,M,M,2
1986,6,140,M,M,2
1986,6,116,M,M,2
1986,6,130,M,M,2
1986,6,137,M,M,2
1986,6,133,M,M,2
1986,6,132,M,M,2
1986,6,145,M,M,2
1986,6,111,M,M,2
1986,6,141,M,M,2
1986,6,134,M,M,2
1986,6,107,M,M,2
1986,6,138,M,M,2
1986,6,146,M,M,2
1986,6,142,M,M,2
1986,6,121,M,M,2
1986,6,131,M,M,2
1986,6,109,M,M,2
1986,6,106,M,M,2
1986,6,177,M,M,3
1986,6,148,M,M,3
1986,6,160,M,M,3
1986,6,152,M,M,3
1986,6,153,M,M,3
1986,6,150,M,M,3
1986,6,155,M,M,3
1986,6,178,M,M,3
1986,6,167,M,M,3
1986,6,159,M,M,3
1986,6,158,M,M,3
1986,6,164,M,M,3
1986,6,161,M,M,3
1986,6,175,M,M,3
1986,6,166,M,M,3
1986,6,163,M,M,3
1986,6,170,M,M,3
1986,6,176,M,M,3
1986,6,206,M,M,4
1986,6,199,M,M,4
1986,6,189,M,M,4
1986,6,187,M,M,4
1986,6,185,M,M,4
1986,6,168,M,M,4
1986,6,200,M,M,4
1986,6,201,M,M,4
1986,6,209,M,M,4
1986,6,198,M,M,4
1986,6,204,M,M,4
1986,6,207,M,M,4
1986,6,186,M,M,4
1986,6,180,M,M,4
1986,6,188,M,M,4
1986,6,190,M,M,4
1986,6,195,M,M,4
1986,6,212,M,M,5
1986,6,203,M,M,5
1986,6,218,M,M,5
1987,6,132,M,I,2
1987,6,118,M,I,2
1987,6,135,M,I,3
1987,6,117,M,I,2
1987,6,105,M,I,2
1987,6,312,M,M,7
1987,6,192,M,M,5
1987,6,210,M,M,4
1987,6,198,M,M,4
1987,6,173,M,M,2
1987,6,191,M,M,4
1987,6,206,M,M,4
1987,6,193,M,M,4
1987,6,188,M,M,4
1987,6,192,M,M,4
1987,6,185,M,M,3
1987,6,176,M,M,4
1987,6,173,M,M,4
1987,6,233,M,M,6
1987,6,224,M,M,5
1987,6,220,M,M,5
1987,6,174,M,M,3
1987,6,185,M,M,4
1987,6,205,M,M,5
1987,6,208,M,M,5
1987,6,185,M,M,4
1987,6,178,M,M,4
1987,6,201,M,M,5
1987,6,200,M,M,4
1987,6,211,M,M,5
1987,6,225,M,M,5
1987,6,151,M,M,3
1987,6,145,M,M,3
1987,6,155,M,M,4
1987,6,113,M,M,2
1987,6,129,M,M,2
1987,6,119,M,M,2
1987,6,161,M,M,4
1987,6,153,M,M,3
1987,6,169,M,M,4
1987,6,139,M,M,3
1987,6,134,M,M,2
1987,6,122,M,M,2
1987,6,165,M,M,4
1987,6,153,M,M,3
1987,6,142,M,M,3
1987,6,129,M,M,3
1987,6,219,M,M,4
1987,6,166,M,M,3
1987,6,217,M,M,5
1987,6,166,M,M,3
1987,6,245,M,M,6
1987,6,148,M,M,4
1987,6,234,M,M,6
1987,6,195,M,M,5
1987,6,187,M,M,5
1987,6,200,M,M,4
1987,6,191,M,M,4
1987,6,182,M,M,3
1987,6,180,M,M,4
1987,6,199,M,M,4
1987,6,192,M,M,4
1987,6,193,M,M,5
1987,6,203,M,M,4
1987,6,188,M,M,4
1987,6,213,M,M,5
1987,6,226,M,M,6
1987,6,212,M,M,5
1987,6,157,M,M,3
1987,6,204,M,M,5
1987,6,205,M,M,5
1987,6,204,M,M,6
1987,6,213,M,M,5
1987,6,212,M,M,5
1987,6,213,M,M,6
1987,6,177,M,M,5
1987,6,143,M,M,3
1987,6,176,M,M,4
1987,6,169,M,M,3
1987,6,177,M,M,4
1987,6,165,M,M,3
1987,6,171,M,M,5
1987,6,174,M,M,4
1987,6,169,M,M,3
1987,6,152,M,M,3
1987,6,159,M,M,3
1987,6,139,M,M,3
1987,6,168,M,M,3
1987,6,160,M,M,4
1987,6,148,M,M,3
1987,6,156,M,M,3
1987,6,149,M,M,3
1987,6,140,M,M,2
1987,6,134,M,M,3
1987,6,136,M,M,3
1987,6,125,M,M,2
1987,6,116,M,M,2
1987,6,228,M,M,6
1987,6,220,M,M,5
1988,6,78,M,I,1
1988,6,83,M,I,1
1988,6,74,M,I,1
1988,6,124,M,I,2
1988,6,121,M,I,2
1988,6,127,M,I,2
1988,6,118,M,I,2
1988,6,135,M,I,2
1988,6,152,M,I,3
1988,6,103,M,M,1
1988,6,88,M,M,1
1988,6,125,M,M,2
1988,6,144,M,M,2
1988,6,134,M,M,2
1988,6,93,M,M,2
1988,6,96,M,M,2
1988,6,107,M,M,2
1988,6,148,M,M,2
1988,6,149,M,M,2
1988,6,112,M,M,2
1988,6,135,M,M,2
1988,6,149,M,M,3
1988,6,168,M,M,3
1988,6,157,M,M,3
1988,6,151,M,M,3
1988,6,131,M,M,3
1988,6,166,M,M,3
1988,6,201,M,M,4
1988,6,183,M,M,4
1988,6,193,M,M,4
1988,6,168,M,M,4
1988,6,182,M,M,4
1988,6,175,M,M,4
1988,6,164,M,M,4
1988,6,159,M,M,4
1988,6,177,M,M,4
1988,6,170,M,M,4
1988,6,202,M,M,5
1988,6,188,M,M,5
1988,6,191,M,M,5
1988,6,190,M,M,5
1988,6,192,M,M,5
1988,6,206,M,M,5
1988,6,202,M,M,5
1988,6,205,M,M,5
1988,6,186,M,M,5
1988,6,187,M,M,5
1988,6,195,M,M,5
1988,6,179,M,M,5
1988,6,213,M,M,6
1989,6,123,M,I,2
1989,6,81,M,I,1
1989,6,75,M,I,1
1989,6,77,M,I,1
1989,6,83,M,I,1
1989,6,91,M,I,1
1989,6,92,M,I,1
1989,6,65,M,I,1
1989,6,69,M,I,1
1989,6,117,M,I,2
1989,6,102,M,I,1
1989,6,71,M,I,1
1989,6,115,M,I,2
1989,6,175,M,I,6
1989,6,85,M,I,1
1989,6,66,M,I,1
1989,6,102,M,I,1
1989,6,65,M,I,1
1989,6,106,M,I,1
1989,6,112,M,I,2
1989,6,115,M,I,2
1989,6,122,M,I,2
1989,6,151,M,I,4
1989,6,129,M,I,3
1989,6,92,M,I,1
1989,6,144,M,I,4
1989,6,134,M,I,3
1989,6,156,M,I,4
1989,6,114,M,I,2
1989,6,100,M,I,1
1989,6,140,M,I,2
1989,6,203,M,I,6
1989,6,88,M,I,1
1989,6,103,M,I,1
1989,6,105,M,I,1
1989,6,194,M,M,8
1989,6,200,M,M,7
1989,6,225,M,M,9
1989,6,141,M,M,2
1989,6,212,M,M,7
1989,6,212,M,M,8
1989,6,214,M,M,8
1989,6,183,M,M,8
1989,6,188,M,M,7
1989,6,183,M,M,7
1989,6,230,M,M,9
1989,6,228,M,M,10
1989,6,200,M,M,6
1989,6,214,M,M,9
1989,6,169,M,M,6
1989,6,155,M,M,7
1989,6,82,M,M,1
1989,6,121,M,M,3
1989,6,107,M,M,1
1989,6,95,M,M,1
1989,6,111,M,M,2
1989,6,132,M,M,3
1989,6,158,M,M,4
1989,6,153,M,M,4
1989,6,137,M,M,3
1989,6,146,M,M,4
1989,6,193,M,M,7
1989,6,127,M,M,3
1989,6,144,M,M,4
1989,6,161,M,M,5
1989,6,166,M,M,5
1989,6,120,M,M,3
1989,6,150,M,M,3
1989,6,131,M,M,3
1989,6,198,M,M,7
1989,6,149,M,M,4
1989,6,170,M,M,6
1989,6,171,M,M,7
1989,6,190,M,M,6
1989,6,142,M,M,3
1989,6,108,M,M,1
1989,6,208,M,M,6
1989,6,207,M,M,8
1989,6,220,M,M,8
1989,6,235,M,M,9
1989,6,170,M,M,5
1989,6,161,M,M,6
1989,6,151,M,M,3
1989,6,201,M,M,7
1989,6,170,M,M,4
1989,6,165,M,M,5
1989,6,132,M,M,3
1989,6,124,M,M,2
1989,6,168,M,M,4
1989,6,176,M,M,7
1989,6,130,M,M,2
1989,6,119,M,M,2
1989,6,188,M,M,5
1989,6,118,M,M,2
1989,6,185,M,M,7
1989,6,149,M,M,5
1989,6,189,M,M,6
1989,6,190,M,M,6
1989,6,190,M,M,7
1989,6,191,M,M,8
1989,6,200,M,M,5
1990,6,75,M,I,1
1990,6,69,M,I,1
1990,6,113,M,I,2
1990,6,104,M,I,2
1990,6,141,M,I,2
1990,6,128,M,I,2
1990,6,108,M,I,2
1990,6,100,M,I,2
1990,6,75,M,I,1
1990,6,133,M,I,2
1990,6,74,M,I,1
1990,6,111,M,I,2
1990,6,105,M,I,2
1990,6,140,M,I,2
1990,6,102,M,I,2
1990,6,121,M,I,2
1990,6,133,M,I,2
1990,6,127,M,I,2
1990,6,132,M,I,2
1990,6,112,M,I,2
1990,6,112,M,I,2
1990,6,106,M,I,2
1990,6,80,M,I,1
1990,6,75,M,I,1
1990,6,81,M,I,1
1990,6,76,M,I,1
1990,6,69,M,I,1
1990,6,62,M,I,1
1990,6,130,M,I,2
1990,6,75,M,I,1
1990,6,100,M,I,1
1990,6,72,M,I,1
1990,6,132,M,I,2
1990,6,127,M,I,2
1990,6,90,M,I,1
1990,6,114,M,I,2
1990,6,142,M,I,2
1990,6,70,M,I,1
1990,6,80,M,M,1
1990,6,220,M,M,6
1990,6,198,M,M,7
1990,6,195,M,M,6
1990,6,185,M,M,4
1990,6,203,M,M,6
1990,6,176,M,M,4
1990,6,107,M,M,2
1990,6,223,M,M,6
1990,6,211,M,M,3
1990,6,185,M,M,5
1990,6,170,M,M,4
1990,6,95,M,M,2
1990,6,195,M,M,6
1990,6,160,M,M,3
1990,6,140,M,M,2
1990,6,170,M,M,5
1990,6,127,M,M,2
1990,6,123,M,M,2
1990,6,149,M,M,3
1990,6,215,M,M,7
1990,6,166,M,M,6
1990,6,181,M,M,4
1990,6,233,M,M,4
1990,6,202,M,M,5
1990,6,178,M,M,6
1990,6,202,M,M,5
1990,6,165,M,M,3
1990,6,171,M,M,3
1990,6,169,M,M,3
1990,6,146,M,M,2
1990,6,114,M,M,2
1990,6,125,M,M,2
1990,6,108,M,M,2
1990,6,197,M,M,4
1990,6,182,M,M,4
1990,6,186,M,M,4
1990,6,201,M,M,6
1990,6,207,M,M,5
1990,6,217,M,M,8
1990,6,215,M,M,8
1990,6,173,M,M,4
1990,6,153,M,M,3
1990,6,127,M,M,2
1990,6,130,M,M,2
1990,6,111,M,M,2
1990,6,115,M,M,2
1990,6,163,M,M,3
1990,6,191,M,M,7
1990,6,135,M,M,2
1990,6,145,M,M,2
1990,6,153,M,M,3
1990,6,135,M,M,2
1990,6,160,M,M,3
1990,6,150,M,M,3
1990,6,127,M,M,2
1990,6,166,M,M,4
1990,6,118,M,M,2
1990,6,151,M,M,3
1990,6,218,M,M,5
1990,6,95,M,M,1
1990,6,189,M,M,4
1990,6,197,M,M,5
1990,6,200,M,M,5
1990,6,200,M,M,8
1990,6,168,M,M,4
1990,6,179,M,M,6
1990,6,210,M,M,6
1990,6,197,M,M,6
1990,6,187,M,M,6
1990,6,191,M,M,6
1990,6,209,M,M,6
1991,6,75,M,I,1
1991,6,72,M,I,1
1991,6,61,M,I,1
1991,6,78,M,I,1
1991,6,62,M,I,1
1991,6,67,M,I,1
1991,6,62,M,I,1
1991,6,72,M,I,1
1991,6,128,M,I,2
1991,6,119,M,I,2
1991,6,117,M,I,2
1991,6,60,M,I,1
1991,6,71,M,I,1
1991,6,73,M,I,1
1991,6,67,M,I,1
1991,6,121,M,I,2
1991,6,112,M,I,2
1991,6,111,M,I,2
1991,6,163,M,M,3
1991,6,128,M,M,2
1991,6,158,M,M,3
1991,6,126,M,M,2
1991,6,119,M,M,2
1991,6,110,M,M,2
1991,6,123,M,M,2
1991,6,139,M,M,3
1991,6,163,M,M,3
1991,6,142,M,M,3
1991,6,178,M,M,5
1991,6,181,M,M,5
1991,6,131,M,M,3
1991,6,202,M,M,6
1991,6,219,M,M,8
1991,6,204,M,M,7
1991,6,195,M,M,6
1991,6,175,M,M,4
1991,6,208,M,M,7
1991,6,192,M,M,5
1991,6,167,M,M,4
1991,6,233,M,M,7
1991,6,228,M,M,7
1991,6,211,M,M,7
1991,6,139,M,M,3
1991,6,177,M,M,5
1991,6,189,M,M,6
1991,6,193,M,M,5
1991,6,176,M,M,4
1991,6,188,M,M,5
1991,6,217,M,M,6
1991,6,211,M,M,6
1991,6,169,M,M,4
1991,6,185,M,M,4
1991,6,174,M,M,4
1991,6,144,M,M,3
1991,6,182,M,M,3
1991,6,132,M,M,2
1991,6,126,M,M,2
1991,6,98,M,M,1
1991,6,127,M,M,2
1991,6,179,M,M,4
1991,6,206,M,M,6
1991,6,205,M,M,5
1991,6,147,M,M,3
1991,6,181,M,M,4
1991,6,187,M,M,5
1991,6,192,M,M,4
1991,6,122,M,M,2
1991,6,133,M,M,2
1991,6,185,M,M,4
1991,6,176,M,M,4
1991,6,169,M,M,4
1991,6,145,M,M,3
1991,6,154,M,M,3
1991,6,156,M,M,3
1991,6,147,M,M,3
1991,6,176,M,M,4
1991,6,222,M,M,7
1991,6,212,M,M,5
1991,6,195,M,M,7
1991,6,216,M,M,7
1991,6,205,M,M,7
1991,6,175,M,M,4
1991,6,136,M,M,3
1991,6,126,M,M,3
1991,6,187,M,M,5
1991,6,221,M,M,6
1991,6,146,M,M,3
1991,6,222,M,M,8
1991,6,152,M,M,3
1991,6,154,M,M,3
1991,6,162,M,M,3
1991,6,157,M,M,3
1991,6,203,M,M,5
1991,6,226,M,M,7
1991,6,148,M,M,3
1991,6,138,M,M,3
1991,6,217,M,M,8
1991,6,198,M,M,6
1991,6,203,M,M,5
1991,6,213,M,M,5
1991,6,168,M,M,3
1991,6,160,M,M,3
1991,6,172,M,M,4
1991,6,153,M,M,3
1991,6,133,M,M,3
1991,6,156,M,M,4
1991,6,190,M,M,5
1991,6,147,M,M,3
1991,6,154,M,M,3
1991,6,211,M,M,5
1991,6,187,M,M,4
1991,6,196,M,M,5
1992,6,128,M,I,2
1992,6,80,M,I,1
1992,6,95,M,I,1
1992,6,96,M,I,1
1992,6,89,M,I,1
1992,6,84,M,I,1
1992,6,97,M,I,1
1992,6,87,M,I,1
1992,6,78,M,I,1
1992,6,105,M,I,1
1992,6,158,M,M,4
1992,6,211,M,M,9
1992,6,209,M,M,6
1992,6,197,M,M,5
1992,6,188,M,M,6
1992,6,196,M,M,5
1992,6,200,M,M,5
1992,6,181,M,M,7
1992,6,178,M,M,5
1992,6,178,M,M,5
1992,6,221,M,M,6
1992,6,216,M,M,7
1992,6,162,M,M,4
1992,6,145,M,M,3
1992,6,143,M,M,3
1992,6,122,M,M,2
1992,6,107,M,M,1
1992,6,118,M,M,2
1992,6,192,M,M,6
1992,6,184,M,M,6
1992,6,172,M,M,5
1992,6,196,M,M,5
1992,6,182,M,M,6
1992,6,184,M,M,6
1992,6,219,M,M,6
1992,6,171,M,M,3
1992,6,175,M,M,7
1992,6,255,M,M,10
1992,6,205,M,M,6
1992,6,166,M,M,3
1992,6,122,M,M,2
1992,6,93,M,M,1
1992,6,122,M,M,2
1992,6,95,M,M,1
1992,6,144,M,M,3
1992,6,161,M,M,4
1992,6,138,M,M,2
1992,6,149,M,M,3
1992,6,135,M,M,2
1992,6,160,M,M,6
1992,6,150,M,M,3
1992,6,154,M,M,3
1992,6,156,M,M,4
1992,6,148,M,M,3
1992,6,198,M,M,8
1992,6,191,M,M,6
1992,6,204,M,M,5
1992,6,214,M,M,8
1992,6,196,M,M,8
1992,6,226,M,M,9
1992,6,205,M,M,9
1992,6,212,M,M,7
1992,6,202,M,M,9
1992,6,185,M,M,7
1992,6,186,M,M,6
1992,6,178,M,M,4
1992,6,170,M,M,5
1992,6,216,M,M,7
1992,6,220,M,M,8
1992,6,172,M,M,6
1992,6,160,M,M,3
1992,6,164,M,M,3
1992,6,159,M,M,4
1992,6,163,M,M,4
1992,6,156,M,M,4
1992,6,142,M,M,3
1992,6,137,M,M,2
1992,6,123,M,M,2
1992,6,121,M,M,2
1992,6,95,M,M,1
1992,6,88,M,M,1
1992,6,200,M,M,6
1992,6,191,M,M,6
1992,6,184,M,M,6
1992,6,174,M,M,5
1992,6,124,M,M,2
1992,6,136,M,M,2
1992,6,119,M,M,2
1992,6,138,M,M,2
1992,6,113,M,M,2
1992,6,147,M,M,3
1992,6,161,M,M,4
1992,6,162,M,M,3
1992,6,98,M,M,1
1992,6,151,M,M,3
1992,6,156,M,M,3
1992,6,133,M,M,2
1992,6,195,M,M,5
1992,6,209,M,M,7
1992,6,137,M,M,2
1992,6,136,M,M,2
1992,6,121,M,M,2
1992,6,184,M,M,8
1992,6,137,M,M,2
1992,6,136,M,M,2
1992,6,151,M,M,3
1992,6,149,M,M,2
1992,6,126,M,M,2
1992,6,93,M,M,1
1993,6,75,M,I,1
1993,6,119,M,I,2
1993,6,138,M,I,2
1993,6,126,M,I,2
1993,6,136,M,I,2
1993,6,135,M,I,2
1993,6,230,M,I,5
1993,6,214,M,I,5
1993,6,143,M,M,2
1993,6,128,M,M,2
1993,6,130,M,M,2
1993,6,138,M,M,2
1993,6,141,M,M,2
1993,6,128,M,M,2
1993,6,130,M,M,2
1993,6,124,M,M,2
1993,6,148,M,M,2
1993,6,149,M,M,2
1993,6,174,M,M,3
1993,6,146,M,M,3
1993,6,138,M,M,3
1993,6,165,M,M,3
1993,6,169,M,M,3
1993,6,154,M,M,3
1993,6,163,M,M,3
1993,6,162,M,M,3
1993,6,156,M,M,3
1993,6,142,M,M,3
1993,6,158,M,M,3
1993,6,154,M,M,3
1993,6,148,M,M,3
1993,6,144,M,M,3
1993,6,159,M,M,3
1993,6,155,M,M,3
1993,6,154,M,M,3
1993,6,136,M,M,3
1993,6,167,M,M,4
1993,6,170,M,M,4
1993,6,185,M,M,4
1993,6,174,M,M,4
1993,6,174,M,M,4
1993,6,169,M,M,4
1993,6,182,M,M,4
1993,6,169,M,M,4
1993,6,175,M,M,4
1993,6,163,M,M,4
1993,6,169,M,M,4
1993,6,185,M,M,4
1993,6,181,M,M,5
1993,6,189,M,M,5
1993,6,173,M,M,5
1993,6,185,M,M,5
1993,6,194,M,M,5
1993,6,175,M,M,5
1993,6,190,M,M,5
1993,6,172,M,M,5
1993,6,178,M,M,5
1993,6,191,M,M,5
1993,6,181,M,M,5
1993,6,189,M,M,5
1993,6,190,M,M,5
1993,6,206,M,M,5
1993,6,192,M,M,6
1993,6,190,M,M,6
1993,6,191,M,M,6
1993,6,208,M,M,6
1993,6,187,M,M,7
1993,6,195,M,M,7
1993,6,207,M,M,7
1993,6,200,M,M,7
1993,6,209,M,M,7
1993,6,200,M,M,8
1993,6,212,M,M,8
1993,6,211,M,M,8
1994,6,79,M,I,1
1994,6,90,M,I,1
1994,6,86,M,I,1
1994,6,92,M,I,1
1994,6,89,M,I,1
1994,6,80,M,I,1
1994,6,71,M,I,1
1994,6,78,M,I,1
1994,6,78,M,I,1
1994,6,87,M,I,1
1994,6,91,M,I,1
1994,6,87,M,I,1
1994,6,77,M,I,1
1994,6,86,M,I,1
1994,6,91,M,I,1
1994,6,99,M,I,1
1994,6,90,M,I,1
1994,6,80,M,I,1
1994,6,105,M,I,1
1994,6,74,M,I,1
1994,6,93,M,I,1
1994,6,105,M,I,1
1994,6,111,M,I,1
1994,6,103,M,I,1
1994,6,104,M,I,1
1994,6,100,M,I,1
1994,6,154,M,I,4
1994,6,230,M,I,11
1994,6,119,M,M,2
1994,6,111,M,M,2
1994,6,147,M,M,3
1994,6,144,M,M,3
1994,6,168,M,M,4
1994,6,172,M,M,4
1994,6,130,M,M,4
1994,6,154,M,M,4
1994,6,157,M,M,4
1994,6,156,M,M,4
1994,6,157,M,M,4
1994,6,154,M,M,4
1994,6,149,M,M,4
1994,6,160,M,M,5
1994,6,144,M,M,5
1994,6,165,M,M,5
1994,6,200,M,M,5
1994,6,172,M,M,5
1994,6,173,M,M,5
1994,6,165,M,M,5
1994,6,137,M,M,5
1994,6,184,M,M,5
1994,6,152,M,M,5
1994,6,159,M,M,5
1994,6,164,M,M,5
1994,6,181,M,M,5
1994,6,172,M,M,5
1994,6,157,M,M,5
1994,6,147,M,M,5
1994,6,187,M,M,6
1994,6,193,M,M,6
1994,6,215,M,M,6
1994,6,193,M,M,6
1994,6,197,M,M,6
1994,6,199,M,M,6
1994,6,196,M,M,6
1994,6,172,M,M,6
1994,6,190,M,M,6
1994,6,168,M,M,6
1994,6,185,M,M,6
1994,6,175,M,M,6
1994,6,174,M,M,6
1994,6,175,M,M,6
1994,6,177,M,M,6
1994,6,185,M,M,6
1994,6,161,M,M,6
1994,6,194,M,M,6
1994,6,205,M,M,6
1994,6,211,M,M,6
1994,6,202,M,M,6
1994,6,180,M,M,7
1994,6,188,M,M,7
1994,6,192,M,M,7
1994,6,186,M,M,7
1994,6,183,M,M,7
1994,6,212,M,M,7
1994,6,202,M,M,8
1994,6,192,M,M,9
1995,6,67,M,I,1
1995,6,68,M,I,1
1995,6,69,M,I,1
1995,6,69,M,I,1
1995,6,71,M,I,1
1995,6,73,M,I,1
1995,6,74,M,I,1
1995,6,75,M,I,1
1995,6,76,M,I,1
1995,6,78,M,I,1
1995,6,81,M,I,1
1995,6,83,M,I,1
1995,6,83,M,I,1
1995,6,87,M,I,1
1995,6,87,M,I,1
1995,6,90,M,I,1
1995,6,90,M,I,1
1995,6,96,M,I,1
1995,6,96,M,I,1
1995,6,165,M,I,2
1995,6,113,M,M,1
1995,6,117,M,M,1
1995,6,128,M,M,2
1995,6,142,M,M,2
1995,6,143,M,M,2
1995,6,146,M,M,2
1995,6,146,M,M,2
1995,6,149,M,M,2
1995,6,152,M,M,2
1995,6,154,M,M,2
1995,6,158,M,M,2
1995,6,159,M,M,2
1995,6,160,M,M,2
1995,6,160,M,M,2
1995,6,168,M,M,2
1995,6,172,M,M,2
1995,6,159,M,M,3
1995,6,165,M,M,3
1995,6,172,M,M,3
1995,6,180,M,M,3
1995,6,156,M,M,4
1995,6,174,M,M,4
1995,6,175,M,M,4
1995,6,175,M,M,4
1995,6,181,M,M,4
1995,6,182,M,M,4
1995,6,204,M,M,4
1995,6,180,M,M,4
1995,6,195,M,M,4
1995,6,207,M,M,4
1995,6,210,M,M,4
1995,6,184,M,M,5
1995,6,186,M,M,5
1995,6,198,M,M,5
1995,6,190,M,M,5
1995,6,203,M,M,5
1995,6,209,M,M,5
1995,6,176,M,M,6
1995,6,191,M,M,6
1995,6,198,M,M,6
1995,6,204,M,M,6
1995,6,212,M,M,6
1995,6,191,M,M,6
1995,6,206,M,M,6
1995,6,208,M,M,6
1995,6,209,M,M,6
1995,6,210,M,M,6
1995,6,213,M,M,6
1995,6,217,M,M,6
1995,6,217,M,M,6
1995,6,223,M,M,6
1995,6,210,M,M,7
1995,6,218,M,M,7
1995,6,250,M,M,7
1995,6,206,M,M,9
1996,6,82,M,I,1
1996,6,76,M,I,1
1996,6,86,M,I,1
1996,6,76,M,I,1
1996,6,82,M,I,1
1996,6,77,M,I,1
1996,6,73,M,I,1
1996,6,82,M,I,1
1996,6,93,M,I,1
1996,6,73,M,I,1
1996,6,85,M,I,1
1996,6,93,M,I,1
1996,6,93,M,I,1
1996,6,101,M,I,1
1996,6,254,M,I,8
1996,6,100,M,M,1
1996,6,97,M,M,1
1996,6,103,M,M,1
1996,6,103,M,M,1
1996,6,95,M,M,1
1996,6,116,M,M,1
1996,6,112,M,M,1
1996,6,111,M,M,1
1996,6,105,M,M,1
1996,6,170,M,M,2
1996,6,160,M,M,2
1996,6,153,M,M,2
1996,6,153,M,M,2
1996,6,159,M,M,2
1996,6,157,M,M,2
1996,6,156,M,M,2
1996,6,147,M,M,2
1996,6,135,M,M,2
1996,6,195,M,M,3
1996,6,216,M,M,3
1996,6,171,M,M,3
1996,6,166,M,M,3
1996,6,188,M,M,4
1996,6,208,M,M,4
1996,6,203,M,M,4
1996,6,197,M,M,4
1996,6,210,M,M,4
1996,6,171,M,M,4
1996,6,230,M,M,5
1996,6,228,M,M,5
1996,6,230,M,M,5
1996,6,230,M,M,5
1996,6,243,M,M,5
1996,6,197,M,M,5
1996,6,166,M,M,5
1996,6,185,M,M,5
1996,6,188,M,M,5
1996,6,187,M,M,5
1996,6,189,M,M,5
1996,6,195,M,M,5
1996,6,190,M,M,5
1996,6,222,M,M,5
1996,6,210,M,M,5
1996,6,213,M,M,5
1996,6,223,M,M,5
1996,6,179,M,M,5
1996,6,236,M,M,6
1996,6,224,M,M,6
1996,6,206,M,M,6
1996,6,197,M,M,6
1996,6,204,M,M,6
1996,6,232,M,M,6
1996,6,224,M,M,6
1996,6,210,M,M,6
1996,6,183,M,M,6
1996,6,188,M,M,6
1996,6,233,M,M,6
1996,6,192,M,M,6
1996,6,201,M,M,6
1996,6,203,M,M,6
1996,6,213,M,M,6
1996,6,244,M,M,6
1996,6,178,M,M,6
1996,6,223,M,M,6
1996,6,244,M,M,6
1996,6,243,M,M,6
1996,6,224,M,M,7
1996,6,192,M,M,7
1996,6,214,M,M,7
1996,6,185,M,M,7
1996,6,168,M,M,7
1996,6,240,M,M,7
1996,6,186,M,M,7
1996,6,168,M,M,7
1996,6,211,M,M,7
1996,6,222,M,M,7
1996,6,238,M,M,7
1996,6,200,M,M,8
1996,6,208,M,M,8
1996,6,220,M,M,8
1996,6,195,M,M,8
1996,6,200,M,M,8
1996,6,232,M,M,8
1996,6,213,M,M,8
1996,6,233,M,M,8
1996,6,284,M,M,8
1996,6,264,M,M,9
1996,6,244,M,M,10
1996,6,250,M,M,11
1997,6,145,M,I,2
1997,6,221,M,M,6
1997,6,201,M,M,13
1997,6,202,M,M,7
1997,6,224,M,M,7
1997,6,219,M,M,8
1997,6,214,M,M,3
1997,6,216,M,M,10
1997,6,219,M,M,7
1997,6,215,M,M,3
1997,6,222,M,M,3
1997,6,213,M,M,4
1997,6,209,M,M,9
1997,6,229,M,M,3
1997,6,217,M,M,8
1997,6,191,M,M,7
1997,6,205,M,M,3
1997,6,222,M,M,4
1997,6,192,M,M,3
1997,6,154,M,M,2
1997,6,198,M,M,8
1997,6,190,M,M,7
1997,6,234,M,M,9
1997,6,193,M,M,6
1997,6,250,M,M,4
1997,6,231,M,M,11
1997,6,167,M,M,2
1997,6,271,M,M,3
1997,6,241,M,M,9
1997,6,244,M,M,3
1997,6,252,M,M,9
1997,6,246,M,M,3
1997,6,233,M,M,9
1997,6,253,M,M,9
1997,6,255,M,M,5
1997,6,246,M,M,8
1997,6,270,M,M,6
1997,6,159,M,M,2
1997,6,185,M,M,9
1997,6,188,M,M,9
1997,6,185,M,M,9
1997,6,180,M,M,13
1997,6,164,M,M,2
1997,6,178,M,M,8
1997,6,175,M,M,7
1997,6,244,M,M,3
1997,6,259,M,M,7
1997,6,265,M,M,4
1997,6,253,M,M,10
1997,6,253,M,M,4
1997,6,259,M,M,8
1997,6,272,M,M,6
1997,6,175,M,M,2
1997,6,178,M,M,2
1997,6,183,M,M,2
1997,6,193,M,M,5
1997,6,224,M,M,3
1997,6,210,M,M,3
1997,6,175,M,M,3
1997,6,217,M,M,4
1997,6,190,M,M,7
1997,6,220,M,M,8
1997,6,207,M,M,3
1997,6,190,M,M,3
1997,6,222,M,M,5
1997,6,185,M,M,3
1997,6,202,M,M,3
1997,6,205,M,M,9
1997,6,201,M,M,7
1997,6,245,M,M,6
1997,6,230,M,M,8
1997,6,233,M,M,9
1997,6,255,M,M,3
1997,6,232,M,M,7
1997,6,230,M,M,11
1997,6,222,M,M,8
1997,6,243,M,M,5
1997,6,186,M,M,5
1997,6,197,M,M,8
1997,6,203,M,M,3
1997,6,233,M,M,8
1997,6,234,M,M,8
1997,6,245,M,M,6
1997,6,262,M,M,4
1997,6,186,M,M,7
1997,6,178,M,M,9
1997,6,183,M,M,7
1997,6,265,M,M,6
1997,6,154,M,M,2
1997,6,267,M,M,6
1997,6,243,M,M,7
1997,6,173,M,M,3
1997,6,160,M,M,2
1997,6,170,M,M,2
1997,6,148,M,M,2
1997,6,167,M,M,2
1997,6,169,M,M,2
1997,6,155,M,M,2
1997,6,148,M,M,2
1997,6,135,M,M,2
1997,6,146,M,M,2
1997,6,174,M,M,2
1997,6,136,M,M,2
1997,6,157,M,M,2
1997,6,141,M,M,2
1997,6,133,M,M,2
1998,6,79,M,I,1
1998,6,66,M,I,1
1998,6,87,M,I,1
1998,6,73,M,I,1
1998,6,95,M,I,1
1998,6,79,M,I,1
1998,6,83,M,I,1
1998,6,81,M,I,1
1998,6,68,M,I,1
1998,6,67,M,I,1
1998,6,95,M,I,1
1998,6,110,M,I,1
1998,6,90,M,I,1
1998,6,100,M,I,1
1998,6,93,M,I,1
1998,6,73,M,I,1
1998,6,76,M,I,1
1998,6,65,M,I,1
1998,6,94,M,I,1
1998,6,101,M,I,1
1998,6,81,M,I,1
1998,6,101,M,I,1
1998,6,82,M,I,1
1998,6,112,M,I,1
1998,6,130,M,I,1
1998,6,110,M,I,1
1998,6,111,M,I,1
1998,6,111,M,I,1
1998,6,100,M,M,1
1998,6,105,M,M,1
1998,6,129,M,M,1
1998,6,124,M,M,1
1998,6,122,M,M,1
1998,6,120,M,M,1
1998,6,131,M,M,1
1998,6,141,M,M,2
1998,6,149,M,M,2
1998,6,156,M,M,2
1998,6,177,M,M,2
1998,6,164,M,M,2
1998,6,161,M,M,2
1998,6,154,M,M,2
1998,6,180,M,M,3
1998,6,192,M,M,3
1998,6,212,M,M,3
1998,6,197,M,M,3
1998,6,176,M,M,3
1998,6,233,M,M,3
1998,6,193,M,M,3
1998,6,209,M,M,3
1998,6,210,M,M,3
1998,6,225,M,M,3
1998,6,178,M,M,3
1998,6,186,M,M,3
1998,6,194,M,M,3
1998,6,212,M,M,3
1998,6,196,M,M,3
1998,6,203,M,M,3
1998,6,209,M,M,3
1998,6,198,M,M,3
1998,6,209,M,M,3
1998,6,184,M,M,3
1998,6,196,M,M,3
1998,6,186,M,M,3
1998,6,184,M,M,3
1998,6,183,M,M,3
1998,6,184,M,M,3
1998,6,169,M,M,3
1998,6,189,M,M,3
1998,6,180,M,M,3
1998,6,179,M,M,3
1998,6,176,M,M,3
1998,6,178,M,M,3
1998,6,208,M,M,3
1998,6,201,M,M,3
1998,6,177,M,M,3
1998,6,178,M,M,3
1998,6,170,M,M,3
1998,6,273,M,M,4
1998,6,200,M,M,4
1998,6,191,M,M,4
1998,6,233,M,M,4
1998,6,302,M,M,4
1998,6,215,M,M,4
1998,6,204,M,M,4
1998,6,260,M,M,4
1998,6,255,M,M,4
1998,6,243,M,M,5
1998,6,214,M,M,5
1998,6,215,M,M,5
1998,6,252,M,M,5
1998,6,223,M,M,7
1998,6,193,M,M,8
1998,6,220,M,M,9
1998,6,204,M,M,10
1998,6,261,M,M,10
1998,6,213,M,M,11
1998,6,228,M,M,11
1998,6,220,M,M,16
1999,6,104,M,I,1
1999,6,75,M,I,1
1999,6,76,M,I,1
1999,6,88,M,I,1
1999,6,66,M,I,1
1999,6,69,M,I,1
1999,6,68,M,I,1
1999,6,81,M,I,1
1999,6,96,M,I,1
1999,6,63,M,I,1
1999,6,68,M,I,1
1999,6,90,M,I,1
1999,6,96,M,I,1
1999,6,100,M,I,1
1999,6,78,M,I,1
1999,6,83,M,I,1
1999,6,87,M,I,1
1999,6,78,M,I,1
1999,6,78,M,I,1
1999,6,245,M,I,7
1999,6,229,M,I,11
1999,6,119,M,M,1
1999,6,94,M,M,1
1999,6,108,M,M,1
1999,6,120,M,M,1
1999,6,104,M,M,1
1999,6,113,M,M,1
1999,6,136,M,M,1
1999,6,107,M,M,1
1999,6,96,M,M,1
1999,6,82,M,M,1
1999,6,147,M,M,1
1999,6,131,M,M,1
1999,6,186,M,M,2
1999,6,182,M,M,2
1999,6,196,M,M,2
1999,6,189,M,M,2
1999,6,162,M,M,2
1999,6,175,M,M,2
1999,6,161,M,M,2
1999,6,121,M,M,2
1999,6,175,M,M,2
1999,6,142,M,M,2
1999,6,166,M,M,2
1999,6,156,M,M,2
1999,6,177,M,M,2
1999,6,134,M,M,2
1999,6,175,M,M,2
1999,6,149,M,M,2
1999,6,194,M,M,2
1999,6,164,M,M,2
1999,6,150,M,M,2
1999,6,138,M,M,2
1999,6,188,M,M,2
1999,6,185,M,M,2
1999,6,156,M,M,2
1999,6,174,M,M,2
1999,6,158,M,M,2
1999,6,161,M,M,2
1999,6,220,M,M,2
1999,6,152,M,M,2
1999,6,146,M,M,2
1999,6,205,M,M,3
1999,6,196,M,M,3
1999,6,191,M,M,3
1999,6,210,M,M,3
1999,6,192,M,M,3
1999,6,203,M,M,3
1999,6,190,M,M,3
1999,6,208,M,M,4
1999,6,200,M,M,4
1999,6,220,M,M,4
1999,6,216,M,M,4
1999,6,198,M,M,4
1999,6,198,M,M,4
1999,6,236,M,M,4
1999,6,211,M,M,4
1999,6,226,M,M,4
1999,6,237,M,M,4
1999,6,233,M,M,4
1999,6,226,M,M,4
1999,6,240,M,M,4
1999,6,250,M,M,4
1999,6,265,M,M,4
1999,6,243,M,M,4
1999,6,235,M,M,4
1999,6,237,M,M,4
1999,6,246,M,M,4
1999,6,241,M,M,4
1999,6,214,M,M,4
1999,6,232,M,M,4
1999,6,216,M,M,4
1999,6,197,M,M,4
1999,6,210,M,M,4
1999,6,206,M,M,4
1999,6,220,M,M,4
1999,6,225,M,M,4
1999,6,202,M,M,4
1999,6,207,M,M,4
1999,6,278,M,M,4
1999,6,220,M,M,4
1999,6,252,M,M,4
1999,6,247,M,M,4
1999,6,271,M,M,5
1999,6,211,M,M,5
1999,6,239,M,M,5
1999,6,253,M,M,5
1999,6,242,M,M,5
1999,6,258,M,M,5
1999,6,252,M,M,5
1999,6,217,M,M,5
1999,6,276,M,M,5
1999,6,285,M,M,5
1999,6,267,M,M,5
1999,6,248,M,M,5
1999,6,252,M,M,6
1999,6,216,M,M,7
1999,6,260,M,M,8
1999,6,256,M,M,8
1999,6,251,M,M,9
1999,6,234,M,M,9
1999,6,208,M,M,11
1999,6,241,M,M,11
1999,6,278,M,M,11
1999,6,223,M,M,11
1999,6,237,M,M,12
1999,6,208,M,M,13
1999,6,255,M,M,14
1999,6,261,M,M,14
1999,6,287,M,M,15
2000,6,84,M,I,1
2000,6,77,M,I,1
2000,6,80,M,I,1
2000,6,85,M,I,1
2000,6,89,M,I,1
2000,6,78,M,I,1
2000,6,78,M,I,1
2000,6,90,M,I,1
2000,6,81,M,I,1
2000,6,146,M,M,3
2000,6,212,M,M,3
2000,6,206,M,M,3
2000,6,208,M,M,3
2000,6,106,M,M,1
2000,6,191,M,M,3
2000,6,190,M,M,3
2000,6,220,M,M,4
2000,6,186,M,M,3
2000,6,206,M,M,3
2000,6,200,M,M,3
2000,6,198,M,M,3
2000,6,210,M,M,3
2000,6,215,M,M,4
2000,6,183,M,M,3
2000,6,220,M,M,4
2000,6,245,M,M,12
2000,6,239,M,M,5
2000,6,238,M,M,10
2000,6,236,M,M,7
2000,6,247,M,M,10
2000,6,155,M,M,2
2000,6,137,M,M,3
2000,6,94,M,M,1
2000,6,90,M,M,1
2000,6,136,M,M,2
2000,6,119,M,M,2
2000,6,116,M,M,1
2000,6,239,M,M,3
2000,6,132,M,M,3
2000,6,114,M,M,2
2000,6,109,M,M,2
2000,6,107,M,M,2
2000,6,208,M,M,3
2000,6,106,M,M,2
2000,6,166,M,M,2
2000,6,136,M,M,3
2000,6,134,M,M,3
2000,6,115,M,M,2
2000,6,106,M,M,1
2000,6,107,M,M,1
2000,6,125,M,M,2
2000,6,142,M,M,2
2000,6,131,M,M,2
2000,6,129,M,M,2
2000,6,95,M,M,1
2000,6,117,M,M,2
2000,6,126,M,M,2
2000,6,137,M,M,2
2000,6,141,M,M,2
2000,6,131,M,M,2
2000,6,104,M,M,2
2000,6,204,M,M,3
2000,6,210,M,M,3
2000,6,201,M,M,2
2000,6,211,M,M,3
2000,6,212,M,M,3
2000,6,236,M,M,6
2000,6,222,M,M,3
2000,6,190,M,M,3
2000,6,202,M,M,3
2000,6,211,M,M,5
2000,6,277,M,M,6
2000,6,261,M,M,6
2000,6,257,M,M,6
2000,6,217,M,M,4
2000,6,195,M,M,3
2000,6,224,M,M,3
2000,6,212,M,M,3
2000,6,238,M,M,4
2000,6,142,M,M,3
2000,6,124,M,M,2
2000,6,163,M,M,2
2000,6,102,M,M,1
2000,6,97,M,M,1
2000,6,127,M,M,2
2000,6,125,M,M,3
2000,6,140,M,M,2
2000,6,135,M,M,2
2000,6,106,M,M,2
2000,6,251,M,M,6
2000,6,201,M,M,5
2000,6,221,M,M,3
2000,6,221,M,M,5
2000,6,296,M,M,5
2001,6,120,M,I,3
2001,6,72,M,I,1
2001,6,92,M,I,2
2001,6,90,M,I,2
2001,6,224,M,M,4
2001,6,194,M,M,4
2001,6,152,M,M,5
2001,6,272,M,M,4
2001,6,245,M,M,9
2001,6,196,M,M,4
2001,6,201,M,M,3
2001,6,212,M,M,10
2001,6,194,M,M,6
2001,6,200,M,M,4
2001,6,214,M,M,5
2001,6,172,M,M,4
2001,6,205,M,M,4
2001,6,230,M,M,4
2001,6,201,M,M,3
2001,6,139,M,M,4
2001,6,148,M,M,3
2001,6,152,M,M,3
2001,6,141,M,M,3
2001,6,158,M,M,3
2001,6,150,M,M,4
2001,6,135,M,M,3
2001,6,132,M,M,3
2001,6,133,M,M,3
2001,6,157,M,M,3
2001,6,128,M,M,3
2001,6,155,M,M,3
2001,6,188,M,M,3
2001,6,185,M,M,3
2001,6,196,M,M,3
2001,6,175,M,M,3
2001,6,207,M,M,5
2001,6,209,M,M,6
2001,6,142,M,M,3
2001,6,203,M,M,3
2001,6,213,M,M,3
2001,6,198,M,M,4
2001,6,238,M,M,3
2001,6,188,M,M,4
2001,6,250,M,M,3
2001,6,263,M,M,7
2001,6,256,M,M,3
2001,6,139,M,M,3
2001,6,140,M,M,3
2001,6,236,M,M,3
2001,6,141,M,M,4
2001,6,164,M,M,3
2001,6,131,M,M,3
2001,6,134,M,M,3
2001,6,161,M,M,3
2001,6,139,M,M,3
2001,6,151,M,M,3
2001,6,148,M,M,6
2001,6,137,M,M,3
2001,6,164,M,M,3
2001,6,129,M,M,3
2001,6,159,M,M,5
2001,6,171,M,M,3
2001,6,142,M,M,3
2001,6,123,M,M,3
2001,6,127,M,M,4
2001,6,167,M,M,3
2001,6,156,M,M,3
2001,6,126,M,M,3
2001,6,144,M,M,5
2001,6,197,M,M,8
2001,6,211,M,M,3
2001,6,212,M,M,3
2001,6,210,M,M,4
2001,6,217,M,M,3
2001,6,194,M,M,3
2001,6,210,M,M,5
2001,6,275,M,M,5
2001,6,198,M,M,4
2001,6,202,M,M,5
2001,6,194,M,M,4
2001,6,171,M,M,3
2001,6,216,M,M,5
2001,6,234,M,M,6
2001,6,163,M,M,3
2001,6,255,M,M,8
2001,6,242,M,M,4
2001,6,188,M,M,3
2001,6,255,M,M,3
2001,6,183,M,M,3
2001,6,188,M,M,6
2001,6,187,M,M,5
2001,6,172,M,M,3
2001,6,168,M,M,3
2001,6,185,M,M,3
2001,6,143,M,M,3
2001,6,164,M,M,3
2001,6,182,M,M,5
2001,6,202,M,M,4
2001,6,126,M,M,3
2001,6,161,M,M,4
2001,6,124,M,M,3
2001,6,161,M,M,3
2001,6,122,M,M,3
2001,6,252,M,M,6
2001,6,220,M,M,6
2001,6,221,M,M,3
2002,6,69,M,I,1
2002,6,78,M,I,1
2002,6,71,M,I,1
2002,6,73,M,I,1
2002,6,58,M,I,1
2002,6,81,M,I,1
2002,6,93,M,I,1
2002,6,86,M,I,1
2002,6,82,M,I,1
2002,6,76,M,I,1
2002,6,212,M,M,5
2002,6,235,M,M,6
2002,6,245,M,M,5
2002,6,247,M,M,9
2002,6,131,M,M,4
2002,6,152,M,M,4
2002,6,165,M,M,4
2002,6,226,M,M,5
2002,6,84,M,M,1
2002,6,101,M,M,1
2002,6,143,M,M,4
2002,6,160,M,M,4
2002,6,158,M,M,4
2002,6,153,M,M,4
2002,6,162,M,M,4
2002,6,164,M,M,4
2002,6,160,M,M,4
2002,6,156,M,M,4
2002,6,147,M,M,4
2002,6,155,M,M,4
2002,6,148,M,M,4
2002,6,144,M,M,4
2002,6,180,M,M,4
2002,6,175,M,M,5
2002,6,148,M,M,4
2002,6,172,M,M,5
2002,6,281,M,M,11
2002,6,283,M,M,5
2002,6,216,M,M,6
2002,6,130,M,M,4
2002,6,78,M,M,1
2002,6,84,M,M,1
2003,6,55,M,I,1
2003,6,63,M,I,1
2003,6,56,M,I,1
2003,6,70,M,I,1
2003,6,55,M,I,1
2003,6,53,M,I,1
2003,6,66,M,I,1
2003,6,73,M,I,1
2003,6,80,M,I,1
2003,6,87,M,I,1
2003,6,63,M,I,1
2003,6,65,M,I,1
2003,6,67,M,I,1
2003,6,71,M,I,1
2003,6,72,M,I,1
2003,6,70,M,I,1
2003,6,83,M,I,1
2003,6,59,M,I,1
2003,6,91,M,I,1
2003,6,213,M,I,5
2003,6,110,M,I,2
2003,6,83,M,I,1
2003,6,147,M,M,5
2003,6,149,M,M,3
2003,6,250,M,M,5
2003,6,225,M,M,6
2003,6,185,M,M,5
2003,6,239,M,M,8
2003,6,194,M,M,5
2003,6,216,M,M,6
2003,6,205,M,M,5
2003,6,248,M,M,6
2003,6,271,M,M,5
2003,6,208,M,M,6
2003,6,203,M,M,5
2003,6,199,M,M,5
2003,6,200,M,M,5
2003,6,267,M,M,8
2003,6,274,M,M,9
2003,6,256,M,M,6
2003,6,159,M,M,5
2003,6,180,M,M,7
2003,6,161,M,M,5
2003,6,243,M,M,5
2003,6,255,M,M,6
2003,6,260,M,M,11
2003,6,202,M,M,5
2003,6,198,M,M,5
2003,6,195,M,M,6
2003,6,205,M,M,7
2003,6,133,M,M,2
2003,6,205,M,M,5
2003,6,236,M,M,6
2003,6,175,M,M,5
2003,6,305,M,M,8
2003,6,172,M,M,5
2003,6,194,M,M,5
2003,6,232,M,M,7
2003,6,286,M,M,5
2003,6,235,M,M,5
2003,6,155,M,M,3
2003,6,180,M,M,5
2003,6,167,M,M,5
2003,6,148,M,M,2
2003,6,257,M,M,9
2003,6,159,M,M,5
2003,6,232,M,M,5
2003,6,178,M,M,5
2003,6,159,M,M,5
2003,6,179,M,M,5
2003,6,210,M,M,5
2003,6,194,M,M,5
2003,6,235,M,M,6
2003,6,169,M,M,5
2003,6,195,M,M,6
2003,6,244,M,M,8
2003,6,138,M,M,2
2003,6,192,M,M,5
2003,6,183,M,M,5
2003,6,155,M,M,5
2003,6,183,M,M,5
2003,6,191,M,M,5
2003,6,175,M,M,5
2003,6,154,M,M,4
2003,6,180,M,M,5
2003,6,162,M,M,5
2003,6,187,M,M,7
2003,6,151,M,M,5
2003,6,144,M,M,3
2003,6,161,M,M,5
2003,6,145,M,M,5
2003,6,154,M,M,5
2003,6,125,M,M,2
2003,6,140,M,M,2
2003,6,127,M,M,2
2003,6,155,M,M,5
2003,6,245,M,M,7
2003,6,226,M,M,6
2003,6,216,M,M,5
2003,6,205,M,M,5
2003,6,207,M,M,5
2004,6,60,M,I,1
2004,6,62,M,I,1
2004,6,68,M,I,1
2004,6,158,M,I,3
2004,6,70,M,I,1
2004,6,70,M,I,1
2004,6,55,M,I,1
2004,6,83,M,I,1
2004,6,49,M,I,1
2004,6,71,M,I,1
2004,6,77,M,I,1
2004,6,136,M,I,2
2004,6,104,M,I,2
2004,6,105,M,I,2
2004,6,110,M,I,2
2004,6,117,M,I,2
2004,6,101,M,I,2
2004,6,82,M,I,1
2004,6,65,M,I,1
2004,6,71,M,I,1
2004,6,60,M,I,1
2004,6,58,M,I,1
2004,6,59,M,I,1
2004,6,59,M,I,1
2004,6,59,M,I,1
2004,6,285,M,M,6
2004,6,200,M,M,6
2004,6,195,M,M,6
2004,6,230,M,M,6
2004,6,164,M,M,6
2004,6,242,M,M,8
2004,6,199,M,M,3
2004,6,213,M,M,6
2004,6,199,M,M,6
2004,6,200,M,M,6
2004,6,195,M,M,7
2004,6,186,M,M,5
2004,6,199,M,M,6
2004,6,195,M,M,8
2004,6,205,M,M,6
2004,6,192,M,M,7
2004,6,193,M,M,6
2004,6,165,M,M,6
2004,6,162,M,M,5
2004,6,165,M,M,4
2004,6,156,M,M,4
2004,6,176,M,M,6
2004,6,104,M,M,2
2004,6,119,M,M,2
2004,6,115,M,M,2
2004,6,110,M,M,2
2004,6,139,M,M,6
2004,6,155,M,M,4
2004,6,157,M,M,6
2004,6,176,M,M,5
2004,6,155,M,M,6
2004,6,124,M,M,3
2004,6,121,M,M,3
2004,6,120,M,M,2
2004,6,170,M,M,6
2004,6,122,M,M,2
2004,6,165,M,M,6
2004,6,189,M,M,6
2004,6,120,M,M,2
2004,6,166,M,M,6
2004,6,158,M,M,6
2004,6,173,M,M,6
2004,6,133,M,M,2
2004,6,156,M,M,3
2004,6,130,M,M,3
2004,6,96,M,M,2
2004,6,120,M,M,2
2004,6,142,M,M,2
2004,6,133,M,M,2
2004,6,123,M,M,2
2004,6,120,M,M,2
2004,6,96,M,M,2
2004,6,105,M,M,2
2004,6,99,M,M,2
2004,6,98,M,M,2
2004,6,169,M,M,6
2004,6,147,M,M,6
2004,6,159,M,M,6
2004,6,164,M,M,5
2004,6,160,M,M,6
2004,6,170,M,M,6
2004,6,176,M,M,6
2004,6,170,M,M,6
2004,6,157,M,M,6
2004,6,135,M,M,3
2004,6,187,M,M,6
2004,6,184,M,M,6
2004,6,130,M,M,2
2004,6,145,M,M,4
2004,6,98,M,M,2
2004,6,84,M,M,1
2004,6,133,M,M,3
2004,6,299,M,M,7
2004,6,204,M,M,6
2004,6,206,M,M,6
2004,6,218,M,M,6
2004,6,148,M,M,3
2004,6,140,M,M,3
2004,6,136,M,M,2
2004,6,225,M,M,3
2004,6,239,M,M,5
2004,6,227,M,M,6
2004,6,217,M,M,6
2004,6,210,M,M,5
2005,6,103,M,I,3
2005,6,124,M,I,3
2005,6,92,M,I,2
2005,6,89,M,I,2
2005,6,94,M,I,2
2005,6,113,M,I,2
2005,6,117,M,I,2
2005,6,120,M,I,3
2005,6,107,M,I,2
2005,6,104,M,I,2
2005,6,114,M,I,2
2005,6,57,M,I,1
2005,6,69,M,I,1
2005,6,64,M,I,1
2005,6,104,M,I,3
2005,6,77,M,I,1
2005,6,85,M,I,2
2005,6,74,M,I,1
2005,6,75,M,I,1
2005,6,70,M,I,1
2005,6,70,M,I,1
2005,6,61,M,I,1
2005,6,69,M,I,1
2005,6,66,M,I,1
2005,6,57,M,I,1
2005,6,88,M,I,2
2005,6,87,M,I,2
2005,6,59,M,I,1
2005,6,58,M,I,1
2005,6,83,M,I,1
2005,6,134,M,M,3
2005,6,90,M,M,2
2005,6,95,M,M,2
2005,6,113,M,M,2
2005,6,135,M,M,3
2005,6,119,M,M,2
2005,6,125,M,M,3
2005,6,143,M,M,3
2005,6,132,M,M,3
2005,6,125,M,M,3
2005,6,146,M,M,3
2005,6,156,M,M,3
2005,6,165,M,M,7
2005,6,164,M,M,7
2005,6,194,M,M,7
2005,6,162,M,M,5
2005,6,143,M,M,3
2005,6,113,M,M,3
2005,6,174,M,M,4
2005,6,112,M,M,2
2005,6,180,M,M,3
2005,6,173,M,M,7
2005,6,153,M,M,3
2005,6,125,M,M,3
2005,6,122,M,M,3
2005,6,139,M,M,3
2005,6,96,M,M,2
2005,6,128,M,M,3
2005,6,166,M,M,7
2005,6,172,M,M,7
2005,6,206,M,M,7
2005,6,185,M,M,3
2005,6,212,M,M,7
2005,6,165,M,M,7
2005,6,150,M,M,4
2005,6,207,M,M,10
2005,6,145,M,M,3
2005,6,105,M,M,2
2005,6,160,M,M,3
2005,6,130,M,M,2
2005,6,113,M,M,2
2005,6,108,M,M,2
2005,6,150,M,M,3
2005,6,124,M,M,4
2005,6,153,M,M,3
2005,6,127,M,M,2
2005,6,119,M,M,3
2005,6,203,M,M,7
2005,6,205,M,M,7
2005,6,221,M,M,7
2005,6,200,M,M,7
2005,6,221,M,M,4
2005,6,202,M,M,7
2005,6,224,M,M,7
2005,6,221,M,M,4
2005,6,143,M,M,3
2005,6,178,M,M,7
2005,6,170,M,M,3
2005,6,100,M,M,2
2005,6,156,M,M,3
2005,6,184,M,M,5
2005,6,188,M,M,7
2005,6,176,M,M,7
2005,6,230,M,M,7
2005,6,210,M,M,7
2005,6,270,M,M,7
2005,6,185,M,M,7
2005,6,195,M,M,7
2005,6,256,M,M,7
2005,6,195,M,M,7
2005,6,212,M,M,7
2005,6,190,M,M,7
2005,6,189,M,M,7
2005,6,210,M,M,7
2005,6,200,M,M,7
2005,6,240,M,M,7
2005,6,167,M,M,5
2005,6,224,M,M,7
2005,6,171,M,M,7
2005,6,170,M,M,7
2005,6,201,M,M,7
2005,6,186,M,M,7
2005,6,107,M,M,2
2005,6,153,M,M,4
2005,6,167,M,M,7
2005,6,156,M,M,5
2005,6,182,M,M,7
2005,6,177,M,M,4
2005,6,168,M,M,7
2005,6,152,M,M,3
2005,6,105,M,M,2
2005,6,203,M,M,8
2005,6,267,M,M,7
2005,6,288,M,M,7
2005,6,210,M,M,7
2005,6,184,M,M,7
2006,6,90,M,I,2
2006,6,69,M,I,1
2006,6,75,M,I,1
2006,6,70,M,I,1
2006,6,96,M,I,3
2006,6,71,M,I,1
2006,6,86,M,I,2
2006,6,67,M,I,1
2006,6,74,M,I,1
2006,6,65,M,I,1
2006,6,67,M,I,1
2006,6,61,M,I,1
2006,6,140,M,M,4
2006,6,203,M,M,7
2006,6,90,M,M,2
2006,6,111,M,M,2
2006,6,178,M,M,4
2006,6,132,M,M,3
2006,6,106,M,M,2
2006,6,131,M,M,3
2006,6,148,M,M,3
2006,6,101,M,M,2
2006,6,149,M,M,4
2006,6,121,M,M,2
2006,6,72,M,M,1
2006,6,114,M,M,2
2006,6,116,M,M,2
2006,6,233,M,M,6
2006,6,280,M,M,8
2006,6,134,M,M,3
2006,6,280,M,M,8
2006,6,192,M,M,5
2006,6,191,M,M,5
2006,6,188,M,M,6
2006,6,213,M,M,8
2006,6,193,M,M,6
2006,6,204,M,M,6
2006,6,241,M,M,9
2006,6,196,M,M,6
2006,6,208,M,M,7
2006,6,137,M,M,3
2006,6,272,M,M,8
2006,6,186,M,M,5
2006,6,224,M,M,8
2006,6,225,M,M,7
2006,6,235,M,M,9
2006,6,285,M,M,8
2006,6,273,M,M,8
2006,6,90,M,M,2
2006,6,105,M,M,2
2006,6,137,M,M,3
2006,6,108,M,M,2
2006,6,237,M,M,9
2006,6,170,M,M,4
2006,6,265,M,M,9
2006,6,116,M,M,2
2006,6,112,M,M,2
2006,6,142,M,M,3
2006,6,184,M,M,6
2006,6,160,M,M,3
2006,6,182,M,M,5
2006,6,166,M,M,4
2006,6,205,M,M,6
2006,6,187,M,M,4
2006,6,144,M,M,4
2006,6,157,M,M,3
2006,6,166,M,M,3
2006,6,158,M,M,3
2006,6,158,M,M,3
2006,6,150,M,M,3
2006,6,129,M,M,3
2006,6,154,M,M,3
2006,6,172,M,M,4
2006,6,173,M,M,3
2006,6,168,M,M,4
2006,6,134,M,M,3
2006,6,123,M,M,3
2006,6,102,M,M,2
2006,6,139,M,M,3
2006,6,289,M,M,8
2006,6,83,M,M,2
2006,6,216,M,M,8
2006,6,164,M,M,4
2006,6,247,M,M,8
2006,6,139,M,M,3
2006,6,134,M,M,3
2006,6,142,M,M,3
2006,6,141,M,M,3
2006,6,142,M,M,3
2006,6,152,M,M,3
2006,6,128,M,M,3
2006,6,197,M,M,7
2006,6,216,M,M,8
2006,6,205,M,M,6
2006,6,190,M,M,7
2006,6,258,M,M,8
2006,6,221,M,M,8
2006,6,243,M,M,8
2006,6,210,M,M,8
2006,6,274,M,M,8
2006,6,196,M,M,7
2006,6,210,M,M,7
2006,6,192,M,M,6
2006,6,204,M,M,8
2006,6,185,M,M,6
2006,6,218,M,M,7
2006,6,222,M,M,9
2006,6,208,M,M,6
2006,6,195,M,M,6
2006,6,262,M,M,8
2006,6,248,M,M,8
2006,6,206,M,M,7
2006,6,127,M,M,3
2006,6,211,M,M,8
2006,6,208,M,M,6
2006,6,226,M,M,8
2006,6,256,M,M,9
2006,6,236,M,M,9
2006,6,233,M,M,8
2006,6,248,M,M,8
2006,6,185,M,M,5
2007,6,71,M,I,1
2007,6,81,M,I,1
2007,6,78,M,I,1
2007,6,78,M,I,1
2007,6,75,M,I,1
2007,6,78,M,I,1
2007,6,86,M,I,1
2007,6,71,M,I,1
2007,6,75,M,I,1
2007,6,77,M,I,1
2007,6,87,M,I,1
2007,6,81,M,I,1
2007,6,85,M,I,1
2007,6,68,M,I,1
2007,6,69,M,I,1
2007,6,89,M,I,1
2007,6,164,M,M,6
2007,6,176,M,M,6
2007,6,199,M,M,11
2007,6,152,M,M,6
2007,6,115,M,M,2
2007,6,100,M,M,2
2007,6,106,M,M,1
2007,6,108,M,M,2
2007,6,142,M,M,5
2007,6,117,M,M,2
2007,6,153,M,M,6
2007,6,194,M,M,8
2007,6,140,M,M,5
2007,6,121,M,M,2
2007,6,160,M,M,5
2007,6,122,M,M,3
2007,6,105,M,M,2
2007,6,97,M,M,2
2007,6,138,M,M,7
2007,6,115,M,M,2
2007,6,144,M,M,4
2007,6,168,M,M,5
2007,6,110,M,M,2
2007,6,140,M,M,5
2007,6,133,M,M,2
2007,6,125,M,M,3
2007,6,133,M,M,3
2007,6,129,M,M,3
2007,6,109,M,M,2
2007,6,135,M,M,4
2007,6,107,M,M,2
2007,6,153,M,M,6
2007,6,150,M,M,4
2007,6,135,M,M,4
2007,6,195,M,M,8
2007,6,253,M,M,6
2007,6,180,M,M,6
2007,6,212,M,M,9
2007,6,167,M,M,5
2007,6,173,M,M,6
2007,6,199,M,M,8
2007,6,170,M,M,6
2007,6,163,M,M,4
2007,6,194,M,M,7
2007,6,211,M,M,7
2007,6,222,M,M,5
2007,6,244,M,M,9
2007,6,223,M,M,7
2007,6,211,M,M,10
2007,6,154,M,M,5
2007,6,176,M,M,6
2007,6,150,M,M,5
2007,6,130,M,M,4
2007,6,254,M,M,12
2007,6,160,M,M,6
2007,6,132,M,M,4
2007,6,146,M,M,6
2007,6,129,M,M,3
2007,6,160,M,M,6
2007,6,150,M,M,5
2007,6,152,M,M,6
2007,6,144,M,M,4
2007,6,108,M,M,2
2007,6,228,M,M,8
2007,6,150,M,M,4
2007,6,160,M,M,5
2007,6,132,M,M,4
2007,6,212,M,M,9
2007,6,142,M,M,5
2007,6,128,M,M,3
2007,6,128,M,M,2
2007,6,117,M,M,2
2007,6,130,M,M,5
2007,6,177,M,M,6
2007,6,145,M,M,5
2007,6,145,M,M,5
2007,6,100,M,M,2
2007,6,110,M,M,2
2007,6,129,M,M,3
2007,6,120,M,M,3
2007,6,110,M,M,4
2007,6,111,M,M,3
2007,6,160,M,M,5
2007,6,279,M,M,9
2007,6,210,M,M,7
2007,6,250,M,M,9
2007,6,112,M,M,2
2007,6,86,M,M,1
2007,6,106,M,M,2
2007,6,90,M,M,1
2007,6,86,M,M,1
2007,6,86,M,M,1
2007,6,218,M,M,8
2007,6,74,M,M,1
2007,6,176,M,M,7
2007,6,99,M,M,1
2007,6,201,M,M,13
2007,6,240,M,M,9
2008,6,65,M,I,1
2008,6,72,M,I,1
2008,6,66,M,I,1
2008,6,116,M,I,3
2008,6,117,M,I,3
2008,6,129,M,I,4
2008,6,110,M,I,2
2008,6,112,M,I,3
2008,6,106,M,I,3
2008,6,104,M,I,2
2008,6,75,M,I,1
2008,6,102,M,I,2
2008,6,76,M,I,1
2008,6,77,M,I,1
2008,6,76,M,I,1
2008,6,65,M,I,1
2008,6,81,M,I,1
2008,6,83,M,I,2
2008,6,80,M,I,1
2008,6,68,M,I,1
2008,6,69,M,I,1
2008,6,80,M,I,2
2008,6,80,M,I,1
2008,6,234,M,M,8
2008,6,200,M,M,7
2008,6,129,M,M,3
2008,6,214,M,M,7
2008,6,205,M,M,8
2008,6,120,M,M,4
2008,6,130,M,M,4
2008,6,139,M,M,3
2008,6,155,M,M,4
2008,6,150,M,M,4
2008,6,157,M,M,5
2008,6,155,M,M,4
2008,6,122,M,M,3
2008,6,140,M,M,5
2008,6,95,M,M,2
2008,6,134,M,M,4
2008,6,130,M,M,4
2008,6,142,M,M,4
2008,6,139,M,M,4
2008,6,125,M,M,3
2008,6,164,M,M,5
2008,6,139,M,M,4
2008,6,135,M,M,4
2008,6,152,M,M,4
2008,6,105,M,M,3
2008,6,140,M,M,4
2008,6,146,M,M,4
2008,6,129,M,M,4
2008,6,122,M,M,4
2008,6,121,M,M,4
2008,6,120,M,M,4
2008,6,152,M,M,5
2008,6,130,M,M,5
2008,6,102,M,M,2
2008,6,109,M,M,2
2008,6,136,M,M,4
2008,6,221,M,M,7
2008,6,252,M,M,9
2008,6,193,M,M,6
2008,6,217,M,M,7
2008,6,210,M,M,8
2008,6,284,M,M,12
2008,6,260,M,M,7
2008,6,225,M,M,8
2008,6,224,M,M,9
2008,6,152,M,M,6
2008,6,153,M,M,4
2008,6,158,M,M,5
2008,6,162,M,M,5
2008,6,161,M,M,5
2008,6,162,M,M,5
2008,6,179,M,M,8
2008,6,191,M,M,9
2008,6,162,M,M,5
2008,6,199,M,M,8
2008,6,255,M,M,11
2009,6,80,M,I,1
2009,6,70,M,I,1
2009,6,82,M,I,1
2009,6,90,M,I,1
2009,6,86,M,I,1
2009,6,74,M,I,1
2009,6,72,M,I,1
2009,6,68,M,I,1
2009,6,66,M,I,1
2009,6,81,M,I,1
2009,6,68,M,I,1
2009,6,86,M,I,1
2009,6,73,M,I,1
2009,6,79,M,I,1
2009,6,94,M,I,1
2009,6,68,M,I,1
2009,6,68,M,I,1
2009,6,211,M,M,8
2009,6,195,M,M,9
2009,6,273,M,M,10
2009,6,266,M,M,10
2009,6,241,M,M,7
2009,6,188,M,M,9
2009,6,210,M,M,6
2009,6,184,M,M,6
2009,6,237,M,M,7
2009,6,273,M,M,13
2009,6,271,M,M,12
2009,6,221,M,M,9
2009,6,215,M,M,9
2009,6,249,M,M,11
2009,6,210,M,M,8
2009,6,143,M,M,3
2009,6,294,M,M,12
2009,6,217,M,M,11
2009,6,178,M,M,6
2009,6,191,M,M,6
2009,6,136,M,M,3
2009,6,175,M,M,7
2009,6,164,M,M,6
2009,6,136,M,M,3
2009,6,125,M,M,3
2009,6,171,M,M,7
2009,6,164,M,M,6
2009,6,156,M,M,4
2009,6,142,M,M,4
2009,6,147,M,M,4
2009,6,130,M,M,3
2009,6,149,M,M,4
2009,6,130,M,M,3
2009,6,144,M,M,4
2009,6,148,M,M,4
2009,6,140,M,M,4
2009,6,123,M,M,3
2009,6,150,M,M,5
2009,6,129,M,M,3
2009,6,144,M,M,4
2009,6,286,M,M,14
2009,6,289,M,M,11
2009,6,269,M,M,11
2009,6,300,M,M,12
2009,6,230,M,M,7
2009,6,198,M,M,8
2009,6,183,M,M,8
2009,6,204,M,M,10
2009,6,283,M,M,13
2009,6,163,M,M,6
2009,6,160,M,M,6
2009,6,157,M,M,6
2009,6,164,M,M,7
2009,6,152,M,M,4
2009,6,158,M,M,7
2010,6,223,M,M,8
2010,6,190,M,M,6
2010,6,230,M,M,9
2010,6,210,M,M,7
2010,6,222,M,M,8
2010,6,143,M,M,3
2010,6,153,M,M,4
2010,6,139,M,M,3
2011,6,184,M,M,6
2011,6,189,M,M,6
2011,6,193,M,M,6
2011,6,300,M,M,11
2011,6,227,M,M,10
2012,7,93,M,I,1
2012,7,102,M,I,1
2012,7,93,M,I,1
2012,7,143,M,I,3
2012,7,103,M,I,1
2012,7,98,M,I,1
2012,7,99,M,I,1
2012,7,134,M,I,3
2012,7,160,M,I,5
2012,7,74,M,I,1
2012,7,89,M,I,1
2012,7,87,M,I,1
2012,7,88,M,I,1
2012,8,85,M,I,1
2012,8,84,M,I,1
2012,8,108,M,M,1
2012,8,95,M,I,1
2012,8,108,M,M,2
2012,8,135,M,M,3
2012,8,98,M,I,1
2013,6,218,M,M,8
2013,6,138,M,M,3
2013,6,138,M,M,3
2013,6,139,M,M,3
2013,6,145,M,M,4
2013,6,124,M,M,2
2013,6,107,M,M,1
2013,7,150,M,I,6
2013,7,165,M,I,5
2013,7,164,M,I,6
2013,7,159,M,I,6
2013,7,173,M,M,6
2013,7,108,M,I,1
2013,7,161,M,M,6
2013,7,165,M,M,6
2013,7,183,M,M,7
2013,7,170,M,M,6
2013,7,180,M,M,7
2013,7,177,M,M,7
2013,7,193,M,M,7
2013,7,251,M,M,11
2013,7,229,M,M,9
2013,7,278,M,M,11
2013,7,232,M,M,10
2013,7,206,M,M,9
2013,7,223,M,M,10
2013,7,215,M,M,8
2013,7,106,M,I,1
2013,7,161,M,M,6
2013,7,291,M,M,16
2013,7,240,M,M,10
2013,7,270,M,M,12
2013,7,216,M,M,8
2013,7,236,M,M,10
2013,7,230,M,M,10
2013,7,217,M,M,9
2013,7,218,M,M,9
2013,7,204,M,M,8
2013,7,182,M,M,7
2013,7,192,M,M,8
2013,7,194,M,M,8
2013,7,177,M,M,7
2013,7,152,M,M,6
2013,7,114,M,I,2
2013,7,105,M,I,1
2013,7,110,M,M,2
2014,6,139,M,M,3
2014,6,138,M,M,3
2014,6,138,M,M,3
2014,6,149,M,M,4
2014,6,126,M,M,3
2014,6,123,M,M,2
2014,6,124,M,M,2
2014,6,160,M,M,5
2014,7,134,M,I,4
2014,7,106,M,I,1
2014,7,127,M,I,3
2014,7,128,M,I,3
2014,7,123,M,I,3
2014,7,125,M,I,3
2014,7,118,M,I,2
2014,7,173,M,I,8
2014,7,138,M,I,4
2014,7,154,M,I,6
2014,7,139,M,I,3
2014,7,136,M,I,3
2014,7,153,M,I,6
2014,7,149,M,I,5
2014,7,143,M,I,5
2014,7,158,M,I,6
2014,7,135,M,I,5
2014,7,143,M,I,5
2014,7,141,M,I,5
2014,7,139,M,I,4
2014,7,138,M,I,3
2014,7,134,M,I,4
2014,7,133,M,I,4
2014,7,142,M,I,5
2014,7,170,M,I,6
2014,7,160,M,I,7
2014,7,163,M,I,6
2014,7,164,M,I,6
2014,7,156,M,I,6
2014,7,150,M,I,6
2014,7,168,M,M,6
2014,7,190,M,M,8
2014,7,163,M,I,7
2014,7,187,M,I,8
2014,7,165,M,I,6
2014,7,163,M,I,7
2014,7,172,M,I,7
2014,7,179,M,I,7
2014,7,164,M,I,6
2014,7,161,M,I,6
2014,7,175,M,I,7
2014,7,176,M,I,7
2014,7,286,M,M,12
2014,7,291,M,M,11
2014,7,292,M,M,13
2014,7,281,M,M,12
2014,7,300,M,M,14
2014,7,286,M,M,12
2014,7,290,M,M,11
2014,7,282,M,M,12
2014,7,273,M,M,13
2014,7,263,M,M,12
2014,7,274,M,M,12
2014,7,251,M,M,11
2014,7,241,M,M,11
2014,7,224,M,M,10
2014,7,174,M,I,7
2014,7,171,M,I,7
2014,7,191,M,I,9
2014,7,170,M,I,7
2014,7,184,M,M,8
2014,7,114,M,M,2
2014,7,116,M,I,2
2014,7,113,M,I,2
2014,7,118,M,I,2
2014,7,107,M,I,1
2014,7,107,M,I,1
2014,7,105,M,I,1
2015,7,197,M,M,8
2015,7,120,M,I,2
2015,7,246,M,M,11
2015,7,227,M,M,10
2015,7,212,M,M,9
2015,7,182,M,M,7
2015,7,141,M,M,4
2015,7,146,M,M,4
2015,8,90,M,I,1
2015,8,169,M,M,7
2015,8,161,M,M,6
2015,8,163,M,M,6
2015,8,123,M,M,2
2015,8,152,M,M,6
2015,8,144,M,M,4
2015,8,127,M,M,3
2015,8,129,M,M,3
2015,8,151,M,M,6
2015,8,125,M,M,3
2015,8,111,M,I,2
2015,8,109,M,I,1
2015,8,98,M,I,1
2015,8,101,M,I,1
2015,8,96,M,I,1
2015,8,101,M,I,1
2015,8,91,M,I,1
2015,8,125,M,M,3
2015,8,151,M,M,5
2015,8,116,M,M,2
2015,8,196,M,M,9
2015,8,154,M,M,6
2015,8,145,M,M,4
2015,8,138,M,M,4
2015,8,139,M,M,5
2015,8,206,M,M,10
2015,8,164,M,M,7
2015,8,173,M,M,7
2015,8,149,M,M,4
2015,8,165,M,M,6
2015,8,150,M,M,6
2015,8,157,M,M,6
2015,8,95,M,I,1
2015,8,112,M,I,2
2016,6,159,M,M,4
2016,6,138,M,M,3
2016,6,105,M,I,1
2016,6,124,M,M,1
2016,7,152,M,M,5
2016,7,180,M,M,7
2016,7,179,M,M,7
2016,7,171,M,M,7
2016,7,198,M,M,8
2016,7,235,M,M,10
2016,7,243,M,M,11
2016,7,215,M,M,9
2016,7,218,M,M,9
2016,7,186,M,M,8
2016,7,207,M,M,9
2016,7,189,M,M,8
2016,7,179,M,M,6
2016,7,189,M,M,8
2016,7,210,M,M,9
2016,7,207,M,M,9
2016,7,172,M,M,6
2016,7,145,M,M,5
2016,7,105,M,I,1
2016,7,115,M,I,1
2016,7,106,M,I,1
2016,7,102,M,I,1
2016,7,139,M,M,4
2016,7,190,M,M,8
2016,7,199,M,M,8
2016,7,197,M,M,8
2016,7,181,M,M,8
2016,7,207,M,M,10
2016,7,164,M,M,6
2016,7,193,M,M,8
2016,7,157,M,M,5
2016,7,151,M,M,5
